date,R1_fires,R1_acknowledged,R1_open_cumulative,R2_fires,R3_fires,R4_fires
2025-02-10,11,10,1,0,0,0
2025-02-11,11,10,2,0,0,0
2025-02-12,8,7,3,0,0,0
2025-02-13,7,6,4,0,0,0
2025-02-14,6,4,6,0,0,0
2025-02-15,6,6,6,0,0,0
2025-02-16,7,6,7,0,0,0
2025-02-17,8,6,9,0,0,0
2025-02-18,15,13,11,0,0,0
2025-02-19,7,7,11,0,0,0
2025-02-20,9,7,13,0,0,0
2025-02-21,6,5,14,0,0,0
2025-02-22,7,1,20,0,0,0
2025-02-23,7,1,26,0,0,0
2025-02-24,6,1,31,0,0,0
2025-02-25,7,0,38,0,0,0
2025-02-26,5,0,43,0,0,0
2025-02-27,7,1,49,0,0,0
2025-02-28,9,0,58,0,0,0
2025-03-01,7,0,65,0,0,0
2025-03-02,7,1,71,0,0,0
2025-03-03,7,1,77,0,0,0
2025-03-04,18,1,94,0,0,0
2025-03-05,8,0,102,0,0,0
2025-03-06,4,0,106,0,0,0
2025-03-07,10,1,115,0,0,0
2025-03-08,3,0,118,0,0,0
2025-03-09,6,0,124,0,0,0
2025-03-10,9,1,132,0,0,0
2025-03-11,9,0,141,0,0,0
