date,R1_fires,R1_acknowledged,R1_open_cumulative,R2_fires,R2_acknowledged,R3_fires,R4_fires
2025-05-19,6,4,2,3,3,0,0
2025-05-20,7,5,4,3,3,0,0
2025-05-21,5,4,5,3,3,0,0
2025-05-22,2,1,6,1,1,0,0
2025-05-23,5,4,7,1,1,0,0
2025-05-24,3,3,7,0,0,0,0
2025-05-25,4,3,8,0,0,0,0
2025-05-26,5,4,9,3,3,0,0
2025-05-27,16,14,11,2,2,0,0
2025-05-28,7,6,12,3,3,0,0
2025-05-29,5,5,12,1,1,0,0
2025-05-30,7,5,14,0,0,0,0
2025-05-31,2,2,14,3,3,0,0
2025-06-01,5,4,15,0,0,0,0
2025-06-02,8,7,16,3,3,0,0
2025-06-03,4,0,20,1,1,0,0
2025-06-04,5,1,24,0,0,0,0
2025-06-05,3,0,27,0,0,0,0
2025-06-06,6,1,32,2,2,0,0
2025-06-07,5,0,37,0,0,0,0
2025-06-08,5,0,42,0,0,0,0
2025-06-09,16,2,56,0,0,0,0
2025-06-10,6,0,62,2,2,0,0
2025-06-11,3,0,65,0,0,0,0
2025-06-12,3,0,68,1,1,0,0
2025-06-13,4,0,72,1,1,0,0
2025-06-14,4,0,76,0,0,0,0
2025-06-15,2,0,78,1,1,0,0
2025-06-16,4,0,82,1,1,0,0
2025-06-17,7,1,88,1,1,0,0
